{
  "ents_p": 0.8352564288,
  "ents_r": 0.8264712666,
  "ents_f": 0.8308406251,
  "ents_per_type": {
    "LOC": {
      "p": 0.8436669385,
      "r": 0.8737116627,
      "f": 0.8584264915
    },
    "PER": {
      "p": 0.8719544456,
      "r": 0.8973428801,
      "f": 0.8844665079
    },
    "MISC": {
      "p": 0.7731736849,
      "r": 0.6684890078,
      "f": 0.7170305677
    },
    "ORG": {
      "p": 0.7867019077,
      "r": 0.7047775523,
      "f": 0.7434897493
    }
  },
  "speed": 20717.2953582541
}